Changes made at Sat Aug  9 05:58:18 UTC 2025
Changes made at Thu Nov 20 13:38:01 UTC 2025
Changes made at Thu Nov 20 14:21:54 UTC 2025
Changes made at Thu Nov 20 16:28:49 UTC 2025
Changes made at Fri Nov 21 08:30:22 UTC 2025
Changes made at Fri Nov 21 10:22:38 UTC 2025
Changes made at Fri Nov 21 14:20:58 UTC 2025
Changes made at Fri Nov 21 16:26:58 UTC 2025
Changes made at Sat Nov 22 08:26:23 UTC 2025
Changes made at Sat Nov 22 10:20:13 UTC 2025
Changes made at Sat Nov 22 14:17:56 UTC 2025
Changes made at Sat Nov 22 16:24:36 UTC 2025
Changes made at Sun Nov 23 08:26:35 UTC 2025
Changes made at Sun Nov 23 10:20:30 UTC 2025
Changes made at Sun Nov 23 14:17:55 UTC 2025
Changes made at Sun Nov 23 16:24:35 UTC 2025
Changes made at Mon Nov 24 08:31:32 UTC 2025
Changes made at Mon Nov 24 10:25:31 UTC 2025
Changes made at Mon Nov 24 14:22:48 UTC 2025
Changes made at Mon Nov 24 16:24:58 UTC 2025
